sorted load,percent time
1,0.6666666666666666
4,0.3333333333333333
5,0.0
